<?xml version="1.0"?>
<HAPSIM>
   <General>
      <Build>1700</Build>
      <Position>
         <top>14</top>
         <bottom>406</bottom>
         <left>469</left>
         <right>842</right>
      </Position>
      <StayOnTop>0</StayOnTop>
      <Target>ATmega128</Target>
   </General>
   <Views>
      <Terminal>
         <Name>USART0</Name>
         <Position>
            <top>0</top>
            <left>0</left>
            <width>361</width>
            <height>149</height>
         </Position>
         <Interface>USART0</Interface>
         <localEcho>0</localEcho>
         <redirectEnable>1</redirectEnable>
         <Redirection>
            <Port>COM3</Port>
            <Baudrate>1200</Baudrate>
            <Parity>None</Parity>
            <Stopbits>1</Stopbits>
            <Flowcontrol>None</Flowcontrol>
         </Redirection>
      </Terminal>
      <Terminal>
         <Name>USART1</Name>
         <Position>
            <top>149</top>
            <left>0</left>
            <width>361</width>
            <height>149</height>
         </Position>
         <Interface>USART1</Interface>
         <localEcho>0</localEcho>
         <redirectEnable>1</redirectEnable>
         <Redirection>
            <Port>COM5</Port>
            <Baudrate>1200</Baudrate>
            <Parity>None</Parity>
            <Stopbits>1</Stopbits>
            <Flowcontrol>None</Flowcontrol>
         </Redirection>
      </Terminal>
   </Views>
</HAPSIM>
